{
    "type": {
    "client_type": "CONFIDENTIAL",
    "authority_type": "SINGLE_TENANT",
    "framework": "DJANGO"
    },
    "client": {
    "client_id": "06af3c11-7bf5-4d36-a07c-cf8d69dfabc3",
    "client_credential": "WXy8Q~wYHODmhlrAQBmgMuZJfrPp5x2ok72GRcih",
    "authority": "https://login.microsoftonline.com/bc4d7125-f283-4cf1-bfee-330efffeee26"
    },
    "auth_request": {
    "redirect_uri": null,
    "scopes": [],
    "response_type": "code"
    },
    "flask": null,
    "django": {
    "id_web_configs": "MS_ID_WEB_CONFIGS",
    "auth_endpoints": {
    "prefix": "auth",
    "sign_in": "sign_in",
    "edit_profile": "edit_profile",
    "redirect": "redirect",
    "sign_out": "sign_out",
    "post_sign_out": "post_sign_out"
    }
}
}